<?xml version='1.0' encoding='UTF-8'?>
<types:mule xmlns:types="http://www.mulesoft.org/schema/mule/types">
  <types:catalog>
    <types:type name="auto_94fea7d9-9503-41d2-9fe6-8a5403b027d3_Input-Payload" format="java">
      <types:shape format="weave" example="weave/autogenerated/94fea7d9-9503-41d2-9fe6-8a5403b027d3/Input-Payload.wev" autogeneratedOrigin="bb6db3ff-0c24-486a-a65c-4f1b5b109af5"><![CDATA[%dw 2.0

type auto_94fea7d9_9503_41d2_9fe6_8a5403b027d3_Input_Payload = Any

]]></types:shape>
    </types:type>
    <types:type name="auto_94fea7d9-9503-41d2-9fe6-8a5403b027d3_Input-Attributes" format="java">
      <types:shape format="weave" example="weave/autogenerated/94fea7d9-9503-41d2-9fe6-8a5403b027d3/Input-Attributes.wev" autogeneratedOrigin="bb6db3ff-0c24-486a-a65c-4f1b5b109af5"><![CDATA[%dw 2.0

type auto_94fea7d9_9503_41d2_9fe6_8a5403b027d3_Input_Attributes = {|
  clientCertificate?: {|
    publicKey?: {|  |}, 
    "type"?: String, 
    encoded?: Binary
  |}, 
  headers: {|
    correlationId: String, 
    channel?: String, 
    client_id: String, 
    client_secret: String, 
    Authorization: String
  |}, 
  listenerPath: String, 
  method: String, 
  queryParams: {|  |}, 
  queryString: String, 
  relativePath: String, 
  remoteAddress: String, 
  requestPath: String, 
  requestUri: String, 
  scheme: String, 
  uriParams: {| account_id: String |}, 
  version: String, 
  localAddress: String
|}

]]></types:shape>
    </types:type>
    <types:type name="auto_94fea7d9-9503-41d2-9fe6-8a5403b027d3_Input-Variables-outboundHeaders" format="java">
      <types:shape format="weave" example="weave/autogenerated/94fea7d9-9503-41d2-9fe6-8a5403b027d3/Input-Variables-outboundHeaders.wev" autogeneratedOrigin="bb6db3ff-0c24-486a-a65c-4f1b5b109af5"><![CDATA[%dw 2.0

type auto_94fea7d9_9503_41d2_9fe6_8a5403b027d3_Input_Variables_outboundHeaders = {|  |}

]]></types:shape>
    </types:type>
    <types:type name="auto_94fea7d9-9503-41d2-9fe6-8a5403b027d3_Input-Variables-httpStatus" format="java">
      <types:shape format="raml" autogeneratedOrigin="bb6db3ff-0c24-486a-a65c-4f1b5b109af5"><![CDATA[#%RAML 1.0 DataType
type: string]]></types:shape>
    </types:type>
    <types:type name="auto_94fea7d9-9503-41d2-9fe6-8a5403b027d3_Output-Payload" format="json">
      <types:shape format="weave" example="weave/autogenerated/94fea7d9-9503-41d2-9fe6-8a5403b027d3/Output-Payload.wev" autogeneratedOrigin="bb6db3ff-0c24-486a-a65c-4f1b5b109af5"><![CDATA[%dw 2.0

type auto_94fea7d9_9503_41d2_9fe6_8a5403b027d3_Output_Payload = {|
  id?: String, 
  message?: String, 
  status?: "0" | "1"
|} {"description": "Represents a standard success response object for Post, Patch, Put and Delete"}

]]></types:shape>
    </types:type>
    <types:type name="auto_94fea7d9-9503-41d2-9fe6-8a5403b027d3_Output-Attributes" format="java">
      <types:shape format="weave" example="weave/autogenerated/94fea7d9-9503-41d2-9fe6-8a5403b027d3/Output-Attributes.wev" autogeneratedOrigin="bb6db3ff-0c24-486a-a65c-4f1b5b109af5"><![CDATA[%dw 2.0

type auto_94fea7d9_9503_41d2_9fe6_8a5403b027d3_Output_Attributes = Null

]]></types:shape>
    </types:type>
    <types:type name="auto_94fea7d9-9503-41d2-9fe6-8a5403b027d3_Output-Variables-account_id" format="java">
      <types:shape format="weave" example="weave/autogenerated/94fea7d9-9503-41d2-9fe6-8a5403b027d3/id.wev" autogeneratedOrigin="bb6db3ff-0c24-486a-a65c-4f1b5b109af5"><![CDATA[%dw 2.0

type auto_94fea7d9_9503_41d2_9fe6_8a5403b027d3_Output_Variables_account_id = Any

]]></types:shape>
    </types:type>
    <types:type name="auto_94fea7d9-9503-41d2-9fe6-8a5403b027d3_Output-Variables-outboundHeaders" format="java">
      <types:shape format="weave" example="weave/autogenerated/94fea7d9-9503-41d2-9fe6-8a5403b027d3/Output-Variables-outboundHeaders.wev" autogeneratedOrigin="bb6db3ff-0c24-486a-a65c-4f1b5b109af5"><![CDATA[%dw 2.0

type auto_94fea7d9_9503_41d2_9fe6_8a5403b027d3_Output_Variables_outboundHeaders = {|  |}

]]></types:shape>
    </types:type>
    <types:type name="auto_94fea7d9-9503-41d2-9fe6-8a5403b027d3_Output-Variables-httpStatus" format="java">
      <types:shape format="raml" autogeneratedOrigin="bb6db3ff-0c24-486a-a65c-4f1b5b109af5"><![CDATA[#%RAML 1.0 DataType
type: string]]></types:shape>
    </types:type>
  </types:catalog>
  <types:enrichment select="#94fea7d9-9503-41d2-9fe6-8a5403b027d3">
    <types:processor-declaration>
      <types:input-event>
        <types:message>
          <types:payload type="auto_94fea7d9-9503-41d2-9fe6-8a5403b027d3_Input-Payload"/>
          <types:attributes type="auto_94fea7d9-9503-41d2-9fe6-8a5403b027d3_Input-Attributes"/>
        </types:message>
        <types:variables>
          <types:variable name="outboundHeaders" type="auto_94fea7d9-9503-41d2-9fe6-8a5403b027d3_Input-Variables-outboundHeaders"/>
          <types:variable name="httpStatus" type="auto_94fea7d9-9503-41d2-9fe6-8a5403b027d3_Input-Variables-httpStatus"/>
        </types:variables>
      </types:input-event>
      <types:output-event>
        <types:message>
          <types:payload type="auto_94fea7d9-9503-41d2-9fe6-8a5403b027d3_Output-Payload"/>
          <types:attributes type="auto_94fea7d9-9503-41d2-9fe6-8a5403b027d3_Output-Attributes"/>
        </types:message>
        <types:variables>
          <types:variable name="outboundHeaders" type="auto_94fea7d9-9503-41d2-9fe6-8a5403b027d3_Output-Variables-outboundHeaders"/>
          <types:variable name="account_id" type="auto_94fea7d9-9503-41d2-9fe6-8a5403b027d3_Output-Variables-account_id"/>
          <types:variable name="httpStatus" type="auto_94fea7d9-9503-41d2-9fe6-8a5403b027d3_Output-Variables-httpStatus"/>
        </types:variables>
      </types:output-event>
    </types:processor-declaration>
  </types:enrichment>
</types:mule>