<?xml version='1.0' encoding='UTF-8'?>
<types:mule xmlns:types="http://www.mulesoft.org/schema/mule/types">
  <types:catalog>
    <types:type name="auto_a510e450-4a24-4886-be1a-a33b0f1de72f_Input-Variables-account_id" format="java">
      <types:shape format="weave" example="weave/autogenerated/a510e450-4a24-4886-be1a-a33b0f1de72f/id.wev" autogeneratedOrigin="552bf13e-a9c7-4f32-a932-33304cfef96c"><![CDATA[%dw 2.0

type auto_a510e450_4a24_4886_be1a_a33b0f1de72f_Input_Variables_account_id = Any

]]></types:shape>
    </types:type>
    <types:type name="auto_a510e450-4a24-4886-be1a-a33b0f1de72f_Input-Variables-Inputpayload" format="java">
      <types:shape format="weave" example="weave/autogenerated/a510e450-4a24-4886-be1a-a33b0f1de72f/Input-Variables-Inputpayload.wev" autogeneratedOrigin="552bf13e-a9c7-4f32-a932-33304cfef96c"><![CDATA[%dw 2.0

type auto_a510e450_4a24_4886_be1a_a33b0f1de72f_Input_Variables_Inputpayload = Any

]]></types:shape>
    </types:type>
    <types:type name="auto_a510e450-4a24-4886-be1a-a33b0f1de72f_Output-Variables-country" format="java">
      <types:shape format="weave" example="weave/autogenerated/a510e450-4a24-4886-be1a-a33b0f1de72f/Output-Variables-country.wev" autogeneratedOrigin="552bf13e-a9c7-4f32-a932-33304cfef96c"><![CDATA[%dw 2.0

type auto_a510e450_4a24_4886_be1a_a33b0f1de72f_Output_Variables_country = Any

]]></types:shape>
    </types:type>
    <types:type name="auto_a510e450-4a24-4886-be1a-a33b0f1de72f_Output-Variables-account_id" format="java">
      <types:shape format="weave" example="weave/autogenerated/a510e450-4a24-4886-be1a-a33b0f1de72f/id.wev" autogeneratedOrigin="552bf13e-a9c7-4f32-a932-33304cfef96c"><![CDATA[%dw 2.0

type auto_a510e450_4a24_4886_be1a_a33b0f1de72f_Output_Variables_account_id = Any

]]></types:shape>
    </types:type>
    <types:type name="auto_a510e450-4a24-4886-be1a-a33b0f1de72f_Output-Variables-Inputpayload" format="java">
      <types:shape format="weave" example="weave/autogenerated/a510e450-4a24-4886-be1a-a33b0f1de72f/Output-Variables-Inputpayload.wev" autogeneratedOrigin="552bf13e-a9c7-4f32-a932-33304cfef96c"><![CDATA[%dw 2.0

type auto_a510e450_4a24_4886_be1a_a33b0f1de72f_Output_Variables_Inputpayload = Any

]]></types:shape>
    </types:type>
    <types:type name="auto_1a9b9bfa-090f-496f-b14d-8424c98ef4af_Input-Variables-Inputpayload" format="java">
      <types:shape format="weave" example="weave/autogenerated/1a9b9bfa-090f-496f-b14d-8424c98ef4af/Input-Variables-Inputpayload.wev" autogeneratedOrigin="710747cb-896e-48c9-a8c9-0821f1970c12"><![CDATA[%dw 2.0

type auto_1a9b9bfa_090f_496f_b14d_8424c98ef4af_Input_Variables_Inputpayload = Any

]]></types:shape>
    </types:type>
    <types:type name="auto_1a9b9bfa-090f-496f-b14d-8424c98ef4af_Output-Variables-country" format="java">
      <types:shape format="weave" example="weave/autogenerated/1a9b9bfa-090f-496f-b14d-8424c98ef4af/Output-Variables-country.wev" autogeneratedOrigin="710747cb-896e-48c9-a8c9-0821f1970c12"><![CDATA[%dw 2.0

type auto_1a9b9bfa_090f_496f_b14d_8424c98ef4af_Output_Variables_country = Any

]]></types:shape>
    </types:type>
    <types:type name="auto_1a9b9bfa-090f-496f-b14d-8424c98ef4af_Output-Variables-Inputpayload" format="java">
      <types:shape format="weave" example="weave/autogenerated/1a9b9bfa-090f-496f-b14d-8424c98ef4af/Output-Variables-Inputpayload.wev" autogeneratedOrigin="710747cb-896e-48c9-a8c9-0821f1970c12"><![CDATA[%dw 2.0

type auto_1a9b9bfa_090f_496f_b14d_8424c98ef4af_Output_Variables_Inputpayload = Any

]]></types:shape>
    </types:type>
    <types:type name="auto_d01b7280-3d30-4759-a78a-fdeda37636d4_Input-Payload" format="json">
      <types:shape format="weave" example="weave/autogenerated/d01b7280-3d30-4759-a78a-fdeda37636d4/Input-Payload.wev" autogeneratedOrigin="fd92ec1f-6e46-4587-903c-5f0f7f60787f"><![CDATA[%dw 2.0

type auto_d01b7280_3d30_4759_a78a_fdeda37636d4_Input_Payload = {
  number?: String, 
  phone?: String, 
  name?: String, 
  shippingAddress?: {
    country?: String, 
    city?: String, 
    countryIso?: String, 
    street?: String, 
    postalCode?: String, 
    state?: String, 
    _?: Any
  } {"description": "Shipping address details",
  "label": "Shipping Account Address"}, 
  billingAddress?: {
    country?: String, 
    city?: String, 
    countryIso?: String, 
    street?: String, 
    postalCode?: String, 
    state?: String, 
    _?: Any
  } {"description": "Billing address details",
  "label": "Billing Account Address"}, 
  fax?: String, 
  email?: String | Null, 
  _?: Any
}

]]></types:shape>
    </types:type>
    <types:type name="auto_d01b7280-3d30-4759-a78a-fdeda37636d4_Input-Attributes" format="java">
      <types:shape format="weave" example="weave/autogenerated/d01b7280-3d30-4759-a78a-fdeda37636d4/Input-Attributes.wev" autogeneratedOrigin="fd92ec1f-6e46-4587-903c-5f0f7f60787f"><![CDATA[%dw 2.0

type auto_d01b7280_3d30_4759_a78a_fdeda37636d4_Input_Attributes = {|
  clientCertificate?: {|
    publicKey?: {|  |}, 
    "type"?: String, 
    encoded?: Binary
  |}, 
  headers: {|
    correlationId: String, 
    channel?: String, 
    client_id: String, 
    client_secret: String
  |}, 
  listenerPath: String, 
  method: String, 
  queryParams: {|  |}, 
  queryString: String, 
  relativePath: String, 
  remoteAddress: String, 
  requestPath: String, 
  requestUri: String, 
  scheme: String, 
  uriParams: {| account_id: String |}, 
  version: String, 
  localAddress: String
|}

]]></types:shape>
    </types:type>
    <types:type name="auto_d01b7280-3d30-4759-a78a-fdeda37636d4_Input-Variables-outboundHeaders" format="java">
      <types:shape format="weave" example="weave/autogenerated/d01b7280-3d30-4759-a78a-fdeda37636d4/Input-Variables-outboundHeaders.wev" autogeneratedOrigin="fd92ec1f-6e46-4587-903c-5f0f7f60787f"><![CDATA[%dw 2.0

type auto_d01b7280_3d30_4759_a78a_fdeda37636d4_Input_Variables_outboundHeaders = {|  |}

]]></types:shape>
    </types:type>
    <types:type name="auto_d01b7280-3d30-4759-a78a-fdeda37636d4_Input-Variables-httpStatus" format="java">
      <types:shape format="raml" autogeneratedOrigin="fd92ec1f-6e46-4587-903c-5f0f7f60787f"><![CDATA[#%RAML 1.0 DataType
type: string]]></types:shape>
    </types:type>
    <types:type name="auto_d01b7280-3d30-4759-a78a-fdeda37636d4_Output-Payload" format="json">
      <types:shape format="weave" example="weave/autogenerated/d01b7280-3d30-4759-a78a-fdeda37636d4/Output-Payload.wev" autogeneratedOrigin="fd92ec1f-6e46-4587-903c-5f0f7f60787f"><![CDATA[%dw 2.0

type auto_d01b7280_3d30_4759_a78a_fdeda37636d4_Output_Payload = {|
  id?: String, 
  message?: String, 
  status?: "0" | "1"
|} {"description": "Represents a standard success response object for Post, Patch, Put and Delete"}

]]></types:shape>
    </types:type>
    <types:type name="auto_d01b7280-3d30-4759-a78a-fdeda37636d4_Output-Attributes" format="java">
      <types:shape format="weave" example="weave/autogenerated/d01b7280-3d30-4759-a78a-fdeda37636d4/Output-Attributes.wev" autogeneratedOrigin="fd92ec1f-6e46-4587-903c-5f0f7f60787f"><![CDATA[%dw 2.0

type auto_d01b7280_3d30_4759_a78a_fdeda37636d4_Output_Attributes = {|
  statusCode: Number, 
  reasonPhrase: String, 
  headers: { _?: String }
|} {"typeAlias": "HttpResponseAttributes",
"typeId": "org.mule.extension.http.api.HttpResponseAttributes"}

]]></types:shape>
    </types:type>
    <types:type name="auto_d01b7280-3d30-4759-a78a-fdeda37636d4_Output-Variables-country" format="java">
      <types:shape format="weave" example="weave/autogenerated/d01b7280-3d30-4759-a78a-fdeda37636d4/Output-Variables-country.wev" autogeneratedOrigin="fd92ec1f-6e46-4587-903c-5f0f7f60787f"><![CDATA[%dw 2.0

type auto_d01b7280_3d30_4759_a78a_fdeda37636d4_Output_Variables_country = Any

]]></types:shape>
    </types:type>
    <types:type name="auto_d01b7280-3d30-4759-a78a-fdeda37636d4_Output-Variables-account_id" format="java">
      <types:shape format="weave" example="weave/autogenerated/d01b7280-3d30-4759-a78a-fdeda37636d4/id.wev" autogeneratedOrigin="fd92ec1f-6e46-4587-903c-5f0f7f60787f"><![CDATA[%dw 2.0

type auto_d01b7280_3d30_4759_a78a_fdeda37636d4_Output_Variables_account_id = Any

]]></types:shape>
    </types:type>
    <types:type name="auto_d01b7280-3d30-4759-a78a-fdeda37636d4_Output-Variables-Inputpayload" format="java">
      <types:shape format="weave" example="weave/autogenerated/d01b7280-3d30-4759-a78a-fdeda37636d4/Output-Variables-Inputpayload.wev" autogeneratedOrigin="fd92ec1f-6e46-4587-903c-5f0f7f60787f"><![CDATA[%dw 2.0

type auto_d01b7280_3d30_4759_a78a_fdeda37636d4_Output_Variables_Inputpayload = Any

]]></types:shape>
    </types:type>
    <types:type name="auto_d01b7280-3d30-4759-a78a-fdeda37636d4_Output-Variables-outboundHeaders" format="java">
      <types:shape format="weave" example="weave/autogenerated/d01b7280-3d30-4759-a78a-fdeda37636d4/Output-Variables-outboundHeaders.wev" autogeneratedOrigin="fd92ec1f-6e46-4587-903c-5f0f7f60787f"><![CDATA[%dw 2.0

type auto_d01b7280_3d30_4759_a78a_fdeda37636d4_Output_Variables_outboundHeaders = {|  |}

]]></types:shape>
    </types:type>
    <types:type name="auto_d01b7280-3d30-4759-a78a-fdeda37636d4_Output-Variables-httpStatus" format="java">
      <types:shape format="raml" autogeneratedOrigin="fd92ec1f-6e46-4587-903c-5f0f7f60787f"><![CDATA[#%RAML 1.0 DataType
type: string]]></types:shape>
    </types:type>
    <types:type name="auto_10cbd029-15f0-4545-8fd5-222a09e50fc5_Input-Payload" format="json">
      <types:shape format="weave" example="weave/autogenerated/10cbd029-15f0-4545-8fd5-222a09e50fc5/Input-Payload.wev" autogeneratedOrigin="2913dbc5-0a1c-46eb-8ff5-1ca7cd80b755"><![CDATA[%dw 2.0

type auto_10cbd029_15f0_4545_8fd5_222a09e50fc5_Input_Payload = {
  number: String, 
  phone?: String, 
  name?: String, 
  shippingAddress?: {
    country?: String, 
    city?: String, 
    countryIso?: String, 
    street?: String, 
    postalCode?: String, 
    state?: String, 
    _?: Any
  } {"description": "Shipping address details",
  "label": "Shipping Account Address"}, 
  billingAddress?: {
    country?: String, 
    city?: String, 
    countryIso?: String, 
    street?: String, 
    postalCode?: String, 
    state?: String, 
    _?: Any
  } {"description": "Billing address details",
  "label": "Billing Account Address"}, 
  fax?: String, 
  email: String, 
  _?: Any
}

]]></types:shape>
    </types:type>
    <types:type name="auto_10cbd029-15f0-4545-8fd5-222a09e50fc5_Input-Attributes" format="java">
      <types:shape format="weave" example="weave/autogenerated/10cbd029-15f0-4545-8fd5-222a09e50fc5/Input-Attributes.wev" autogeneratedOrigin="2913dbc5-0a1c-46eb-8ff5-1ca7cd80b755"><![CDATA[%dw 2.0

type auto_10cbd029_15f0_4545_8fd5_222a09e50fc5_Input_Attributes = {|
  clientCertificate?: {|
    publicKey?: {|  |}, 
    "type"?: String, 
    encoded?: Binary
  |}, 
  headers: {|
    correlationId: String, 
    channel?: String, 
    client_id: String, 
    client_secret: String
  |}, 
  listenerPath: String, 
  method: String, 
  queryParams: {|  |}, 
  queryString: String, 
  relativePath: String, 
  remoteAddress: String, 
  requestPath: String, 
  requestUri: String, 
  scheme: String, 
  uriParams: {|  |}, 
  version: String, 
  localAddress: String
|}

]]></types:shape>
    </types:type>
    <types:type name="auto_10cbd029-15f0-4545-8fd5-222a09e50fc5_Input-Variables-outboundHeaders" format="java">
      <types:shape format="weave" example="weave/autogenerated/10cbd029-15f0-4545-8fd5-222a09e50fc5/Input-Variables-outboundHeaders.wev" autogeneratedOrigin="2913dbc5-0a1c-46eb-8ff5-1ca7cd80b755"><![CDATA[%dw 2.0

type auto_10cbd029_15f0_4545_8fd5_222a09e50fc5_Input_Variables_outboundHeaders = {|  |}

]]></types:shape>
    </types:type>
    <types:type name="auto_10cbd029-15f0-4545-8fd5-222a09e50fc5_Input-Variables-httpStatus" format="java">
      <types:shape format="raml" autogeneratedOrigin="2913dbc5-0a1c-46eb-8ff5-1ca7cd80b755"><![CDATA[#%RAML 1.0 DataType
type: string]]></types:shape>
    </types:type>
    <types:type name="auto_10cbd029-15f0-4545-8fd5-222a09e50fc5_Output-Payload" format="json">
      <types:shape format="weave" example="weave/autogenerated/10cbd029-15f0-4545-8fd5-222a09e50fc5/Output-Payload.wev" autogeneratedOrigin="2913dbc5-0a1c-46eb-8ff5-1ca7cd80b755"><![CDATA[%dw 2.0

type auto_10cbd029_15f0_4545_8fd5_222a09e50fc5_Output_Payload = {|
  id?: String, 
  message?: String, 
  status?: "0" | "1"
|} {"description": "Represents a standard success response object for Post, Patch, Put and Delete"}

]]></types:shape>
    </types:type>
    <types:type name="auto_10cbd029-15f0-4545-8fd5-222a09e50fc5_Output-Attributes" format="java">
      <types:shape format="weave" example="weave/autogenerated/10cbd029-15f0-4545-8fd5-222a09e50fc5/Output-Attributes.wev" autogeneratedOrigin="2913dbc5-0a1c-46eb-8ff5-1ca7cd80b755"><![CDATA[%dw 2.0

type auto_10cbd029_15f0_4545_8fd5_222a09e50fc5_Output_Attributes = {|
  statusCode: Number, 
  reasonPhrase: String, 
  headers: { _?: String }
|} {"typeAlias": "HttpResponseAttributes",
"typeId": "org.mule.extension.http.api.HttpResponseAttributes"}

]]></types:shape>
    </types:type>
    <types:type name="auto_10cbd029-15f0-4545-8fd5-222a09e50fc5_Output-Variables-country" format="java">
      <types:shape format="weave" example="weave/autogenerated/10cbd029-15f0-4545-8fd5-222a09e50fc5/Output-Variables-country.wev" autogeneratedOrigin="2913dbc5-0a1c-46eb-8ff5-1ca7cd80b755"><![CDATA[%dw 2.0

type auto_10cbd029_15f0_4545_8fd5_222a09e50fc5_Output_Variables_country = Any

]]></types:shape>
    </types:type>
    <types:type name="auto_10cbd029-15f0-4545-8fd5-222a09e50fc5_Output-Variables-Inputpayload" format="java">
      <types:shape format="weave" example="weave/autogenerated/10cbd029-15f0-4545-8fd5-222a09e50fc5/Output-Variables-Inputpayload.wev" autogeneratedOrigin="2913dbc5-0a1c-46eb-8ff5-1ca7cd80b755"><![CDATA[%dw 2.0

type auto_10cbd029_15f0_4545_8fd5_222a09e50fc5_Output_Variables_Inputpayload = Any

]]></types:shape>
    </types:type>
    <types:type name="auto_10cbd029-15f0-4545-8fd5-222a09e50fc5_Output-Variables-outboundHeaders" format="java">
      <types:shape format="weave" example="weave/autogenerated/10cbd029-15f0-4545-8fd5-222a09e50fc5/Output-Variables-outboundHeaders.wev" autogeneratedOrigin="2913dbc5-0a1c-46eb-8ff5-1ca7cd80b755"><![CDATA[%dw 2.0

type auto_10cbd029_15f0_4545_8fd5_222a09e50fc5_Output_Variables_outboundHeaders = {|  |}

]]></types:shape>
    </types:type>
    <types:type name="auto_10cbd029-15f0-4545-8fd5-222a09e50fc5_Output-Variables-httpStatus" format="java">
      <types:shape format="raml" autogeneratedOrigin="2913dbc5-0a1c-46eb-8ff5-1ca7cd80b755"><![CDATA[#%RAML 1.0 DataType
type: string]]></types:shape>
    </types:type>
  </types:catalog>
  <types:enrichment select="#a510e450-4a24-4886-be1a-a33b0f1de72f">
    <types:processor-declaration>
      <types:input-event>
        <types:variables>
          <types:variable name="account_id" type="auto_a510e450-4a24-4886-be1a-a33b0f1de72f_Input-Variables-account_id"/>
          <types:variable name="Inputpayload" type="auto_a510e450-4a24-4886-be1a-a33b0f1de72f_Input-Variables-Inputpayload"/>
        </types:variables>
      </types:input-event>
      <types:output-event>
        <types:variables>
          <types:variable name="country" type="auto_a510e450-4a24-4886-be1a-a33b0f1de72f_Output-Variables-country"/>
          <types:variable name="account_id" type="auto_a510e450-4a24-4886-be1a-a33b0f1de72f_Output-Variables-account_id"/>
          <types:variable name="Inputpayload" type="auto_a510e450-4a24-4886-be1a-a33b0f1de72f_Output-Variables-Inputpayload"/>
        </types:variables>
      </types:output-event>
    </types:processor-declaration>
  </types:enrichment>
  <types:enrichment select="#1a9b9bfa-090f-496f-b14d-8424c98ef4af">
    <types:processor-declaration>
      <types:input-event>
        <types:variables>
          <types:variable name="Inputpayload" type="auto_1a9b9bfa-090f-496f-b14d-8424c98ef4af_Input-Variables-Inputpayload"/>
        </types:variables>
      </types:input-event>
      <types:output-event>
        <types:variables>
          <types:variable name="country" type="auto_1a9b9bfa-090f-496f-b14d-8424c98ef4af_Output-Variables-country"/>
          <types:variable name="Inputpayload" type="auto_1a9b9bfa-090f-496f-b14d-8424c98ef4af_Output-Variables-Inputpayload"/>
        </types:variables>
      </types:output-event>
    </types:processor-declaration>
  </types:enrichment>
  <types:enrichment select="#d01b7280-3d30-4759-a78a-fdeda37636d4">
    <types:processor-declaration>
      <types:input-event>
        <types:message>
          <types:payload type="auto_d01b7280-3d30-4759-a78a-fdeda37636d4_Input-Payload"/>
          <types:attributes type="auto_d01b7280-3d30-4759-a78a-fdeda37636d4_Input-Attributes"/>
        </types:message>
        <types:variables>
          <types:variable name="outboundHeaders" type="auto_d01b7280-3d30-4759-a78a-fdeda37636d4_Input-Variables-outboundHeaders"/>
          <types:variable name="httpStatus" type="auto_d01b7280-3d30-4759-a78a-fdeda37636d4_Input-Variables-httpStatus"/>
        </types:variables>
      </types:input-event>
      <types:output-event>
        <types:message>
          <types:payload type="auto_d01b7280-3d30-4759-a78a-fdeda37636d4_Output-Payload"/>
          <types:attributes type="auto_d01b7280-3d30-4759-a78a-fdeda37636d4_Output-Attributes"/>
        </types:message>
        <types:variables>
          <types:variable name="country" type="auto_d01b7280-3d30-4759-a78a-fdeda37636d4_Output-Variables-country"/>
          <types:variable name="outboundHeaders" type="auto_d01b7280-3d30-4759-a78a-fdeda37636d4_Output-Variables-outboundHeaders"/>
          <types:variable name="account_id" type="auto_d01b7280-3d30-4759-a78a-fdeda37636d4_Output-Variables-account_id"/>
          <types:variable name="httpStatus" type="auto_d01b7280-3d30-4759-a78a-fdeda37636d4_Output-Variables-httpStatus"/>
          <types:variable name="Inputpayload" type="auto_d01b7280-3d30-4759-a78a-fdeda37636d4_Output-Variables-Inputpayload"/>
        </types:variables>
      </types:output-event>
    </types:processor-declaration>
  </types:enrichment>
  <types:enrichment select="#10cbd029-15f0-4545-8fd5-222a09e50fc5">
    <types:processor-declaration>
      <types:input-event>
        <types:message>
          <types:payload type="auto_10cbd029-15f0-4545-8fd5-222a09e50fc5_Input-Payload"/>
          <types:attributes type="auto_10cbd029-15f0-4545-8fd5-222a09e50fc5_Input-Attributes"/>
        </types:message>
        <types:variables>
          <types:variable name="outboundHeaders" type="auto_10cbd029-15f0-4545-8fd5-222a09e50fc5_Input-Variables-outboundHeaders"/>
          <types:variable name="httpStatus" type="auto_10cbd029-15f0-4545-8fd5-222a09e50fc5_Input-Variables-httpStatus"/>
        </types:variables>
      </types:input-event>
      <types:output-event>
        <types:message>
          <types:payload type="auto_10cbd029-15f0-4545-8fd5-222a09e50fc5_Output-Payload"/>
          <types:attributes type="auto_10cbd029-15f0-4545-8fd5-222a09e50fc5_Output-Attributes"/>
        </types:message>
        <types:variables>
          <types:variable name="country" type="auto_10cbd029-15f0-4545-8fd5-222a09e50fc5_Output-Variables-country"/>
          <types:variable name="outboundHeaders" type="auto_10cbd029-15f0-4545-8fd5-222a09e50fc5_Output-Variables-outboundHeaders"/>
          <types:variable name="httpStatus" type="auto_10cbd029-15f0-4545-8fd5-222a09e50fc5_Output-Variables-httpStatus"/>
          <types:variable name="Inputpayload" type="auto_10cbd029-15f0-4545-8fd5-222a09e50fc5_Output-Variables-Inputpayload"/>
        </types:variables>
      </types:output-event>
    </types:processor-declaration>
  </types:enrichment>
</types:mule>