<?xml version="1.0" encoding="UTF-8"?>
<mule xmlns="http://www.mulesoft.org/schema/mule/core" xmlns:apikit="http://www.mulesoft.org/schema/mule/mule-apikit" xmlns:doc="http://www.mulesoft.org/schema/mule/documentation" xmlns:ee="http://www.mulesoft.org/schema/mule/ee/core" xmlns:http="http://www.mulesoft.org/schema/mule/http" xmlns:xsi="http://www.w3.org/2001/XMLSchema-instance" xsi:schemaLocation="http://www.mulesoft.org/schema/mule/core http://www.mulesoft.org/schema/mule/core/current/mule.xsd http://www.mulesoft.org/schema/mule/http http://www.mulesoft.org/schema/mule/http/current/mule-http.xsd http://www.mulesoft.org/schema/mule/mule-apikit http://www.mulesoft.org/schema/mule/mule-apikit/current/mule-apikit.xsd http://www.mulesoft.org/schema/mule/ee/core http://www.mulesoft.org/schema/mule/ee/core/current/mule-ee.xsd ">
	<flow name="accounts-papi-main">
        <http:listener config-ref="accounts-papi-httpListenerConfig" path="/api/*">
            <http:response statusCode="#[vars.httpStatus default 200]">
                <http:headers>#[vars.outboundHeaders default {}]</http:headers>
            </http:response>
            <http:error-response statusCode="#[vars.httpStatus default 500]">
                <http:body>#[payload]</http:body>
                <http:headers>#[vars.outboundHeaders default {}]</http:headers>
            </http:error-response>
        </http:listener>
        <apikit:router config-ref="accounts-papi-config" />
		<error-handler ref="global-error-handlerError_Handler"/>
    </flow>
    <flow name="accounts-papi-console">
        <http:listener config-ref="accounts-papi-httpListenerConfig" path="/console/*">
            <http:response statusCode="#[vars.httpStatus default 200]">
                <http:headers>#[vars.outboundHeaders default {}]</http:headers>
            </http:response>
            <http:error-response statusCode="#[vars.httpStatus default 500]">
                <http:body>#[payload]</http:body>
                <http:headers>#[vars.outboundHeaders default {}]</http:headers>
            </http:error-response>
        </http:listener>
        <apikit:console config-ref="accounts-papi-config" />
		<error-handler  ref="global-error-handlerError_Handler"/>
    </flow>
    <flow name="put:\accounts\(account_id):application\json:accounts-papi-config">
		<logger level="INFO" doc:name="Start the flow" doc:id="4999d31b-0110-4574-890b-5ad83b8510c7" message="correlationId #[correlationId], flow Name #[flow]"/>
		<flow-ref doc:name="Update account" doc:id="fd92ec1f-6e46-4587-903c-5f0f7f60787f" name="imp-put-accountFlow"/>
		<logger level="INFO" doc:name="End the flow" doc:id="056ebcd0-b068-4cb3-aafe-b5ab304f53aa" message="End of the flow #[payload]"/>

    </flow>
	<flow name="post:\accounts:application\json:accounts-papi-config">
		<logger level="INFO" doc:name="Start the flow" doc:id="4a689481-f686-4675-ba50-ca16de9afaaf" message="correlationId #[correlationId]"/>
		<flow-ref doc:name="Create account" doc:id="2913dbc5-0a1c-46eb-8ff5-1ca7cd80b755" name="imp-post-accountFlow"/>
		<logger level="INFO" doc:name="End of the flow" doc:id="27deca3d-f63e-47de-817f-d6a78e5c8056" />
            </flow>

</mule>
