<?xml version="1.0" encoding="UTF-8"?>

<mule xmlns:apikit="http://www.mulesoft.org/schema/mule/mule-apikit"
	xmlns:http="http://www.mulesoft.org/schema/mule/http"
	xmlns:secure-properties="http://www.mulesoft.org/schema/mule/secure-properties" xmlns="http://www.mulesoft.org/schema/mule/core"
	xmlns:doc="http://www.mulesoft.org/schema/mule/documentation"
	xmlns:xsi="http://www.w3.org/2001/XMLSchema-instance" xsi:schemaLocation="
http://www.mulesoft.org/schema/mule/mule-apikit http://www.mulesoft.org/schema/mule/mule-apikit/current/mule-apikit.xsd 
http://www.mulesoft.org/schema/mule/http http://www.mulesoft.org/schema/mule/http/current/mule-http.xsd http://www.mulesoft.org/schema/mule/core http://www.mulesoft.org/schema/mule/core/current/mule.xsd
http://www.mulesoft.org/schema/mule/secure-properties http://www.mulesoft.org/schema/mule/secure-properties/current/mule-secure-properties.xsd">
	    <http:listener-config name="accounts-papi-httpListenerConfig">
        <http:listener-connection host="${http.host}" port="${http.port}" readTimeout="${http.readtimeout}"/>
    </http:listener-config>
    <apikit:config name="accounts-papi-config" api="resource::353e69d1-8cd6-4f7f-aa3f-b0ccb2fde531:acounts-papi:1.0.0:raml:zip:accounts-papi.raml" outboundHeadersMapName="outboundHeaders" httpStatusVarName="httpStatus" />
    <http:request-config name="HTTP_Request_configuration" doc:name="HTTP Request configuration" doc:id="c11a3789-58dd-42fc-a57a-7ebb750a9959" >
		<http:request-connection host="${first-lookup.host}" connectionIdleTimeout="${first-lookup.idletimeout}" />
	</http:request-config>
	<http:request-config name="HTTP_Request_configuration1" doc:name="HTTP Request configuration" doc:id="c6ae832e-ea9a-45a0-b93d-b339f398b8f3" >
		<http:request-connection host="${accounts-sapi.host}" connectionIdleTimeout="${accounts-sapi.idletimeout}" />
	</http:request-config>
	
	<import doc:name="Import" doc:id="42fe91b3-f764-49e7-a5eb-9c9555c95c7d" file="global-error-handler.xml" />
	<global-property doc:name="Global Property" doc:id="16166ada-8d52-4a0e-bf07-bd9f3cd4fa09" name="mule.env" value="dev" />
	<global-property doc:name="Global Property" doc:id="e15b811b-9c42-4d52-8003-5a18bb34daf5" name="mule.key" value="Training@9876543" />
	<configuration-properties doc:name="Configuration properties" doc:id="af85c43b-56a0-4e7a-ad75-f9d8cf4dcf8e" file="${mule.env}.yaml" />
	<secure-properties:config name="Secure_Properties_Config" doc:name="Secure Properties Config" doc:id="47567154-d297-4a6e-9708-707e29982570" file="${mule.env}.yaml" key="${mule.key}" />
</mule>
