<?xml version="1.0" encoding="UTF-8"?>

<mule xmlns:apikit="http://www.mulesoft.org/schema/mule/mule-apikit"
	xmlns:http="http://www.mulesoft.org/schema/mule/http"
	xmlns:api-gateway="http://www.mulesoft.org/schema/mule/api-gateway"
	xmlns:secure-properties="http://www.mulesoft.org/schema/mule/secure-properties" xmlns="http://www.mulesoft.org/schema/mule/core"
	xmlns:doc="http://www.mulesoft.org/schema/mule/documentation"
	xmlns:xsi="http://www.w3.org/2001/XMLSchema-instance" xsi:schemaLocation="
http://www.mulesoft.org/schema/mule/mule-apikit http://www.mulesoft.org/schema/mule/mule-apikit/current/mule-apikit.xsd 
http://www.mulesoft.org/schema/mule/http http://www.mulesoft.org/schema/mule/http/current/mule-http.xsd 
http://www.mulesoft.org/schema/mule/api-gateway http://www.mulesoft.org/schema/mule/api-gateway/current/mule-api-gateway.xsd http://www.mulesoft.org/schema/mule/core http://www.mulesoft.org/schema/mule/core/current/mule.xsd
http://www.mulesoft.org/schema/mule/secure-properties http://www.mulesoft.org/schema/mule/secure-properties/current/mule-secure-properties.xsd">
	    <http:listener-config name="mobile-accounts-eapi-httpListenerConfig">
        <http:listener-connection host="${http.host}" port="${http.port}" readTimeout="${http.readtimeout}"/>
    </http:listener-config>
    <apikit:config name="mobile-accounts-eapi-config" api="resource::353e69d1-8cd6-4f7f-aa3f-b0ccb2fde531:mobile-accounts-eapi:1.0.0:raml:zip:mobile-accounts-eapi.raml" outboundHeadersMapName="outboundHeaders" httpStatusVarName="httpStatus" />
    <api-gateway:autodiscovery apiId="19375578" ignoreBasePath="true" doc:name="API Autodiscovery" doc:id="0b5eb863-8be6-4943-af97-a100fcfadc98" flowRef="mobile-accounts-eapi-main" />
	<http:request-config name="HTTP_Request_configuration" doc:name="HTTP Request configuration" doc:id="1d812138-5e25-41b2-9321-73522d9359ec" >
		<http:request-connection host="${accountpapi.host}" connectionIdleTimeout="${accountpapi.idletimeout}" />
	</http:request-config>
	
	<secure-properties:config name="Secure_Properties_Config" doc:name="Secure Properties Config" doc:id="d453f8b5-c605-47ce-9346-8f2dd3378251" file="${mule.env}.yaml" key="${mule.key}" />
	<global-property doc:name="Global Property" doc:id="afffb6c4-a516-4d5f-bb2a-56643d235a58" name="mule.key" value="Training@9876543" />
	<global-property doc:name="Global Property" doc:id="8e968430-3613-43ab-9acb-6b9604fbf2b1" name="mule.env" value="dev" />
	<configuration-properties doc:name="Configuration properties" doc:id="6cffe496-417f-4cde-8d13-93ed2c86110b" file="${mule.env}.yaml" />
	<import doc:name="Import" doc:id="63f03aa3-4fa6-47ee-a315-6bf2ac764401" file="global-error-handler.xml"/>
</mule>
