<?xml version="1.0" encoding="UTF-8"?>
<mule xmlns:api-gateway="http://www.mulesoft.org/schema/mule/api-gateway" xmlns="http://www.mulesoft.org/schema/mule/core" xmlns:apikit="http://www.mulesoft.org/schema/mule/mule-apikit" xmlns:doc="http://www.mulesoft.org/schema/mule/documentation" xmlns:ee="http://www.mulesoft.org/schema/mule/ee/core" xmlns:http="http://www.mulesoft.org/schema/mule/http" xmlns:xsi="http://www.w3.org/2001/XMLSchema-instance" xsi:schemaLocation="http://www.mulesoft.org/schema/mule/core http://www.mulesoft.org/schema/mule/core/current/mule.xsd http://www.mulesoft.org/schema/mule/http http://www.mulesoft.org/schema/mule/http/current/mule-http.xsd http://www.mulesoft.org/schema/mule/mule-apikit http://www.mulesoft.org/schema/mule/mule-apikit/current/mule-apikit.xsd http://www.mulesoft.org/schema/mule/ee/core http://www.mulesoft.org/schema/mule/ee/core/current/mule-ee.xsd 
http://www.mulesoft.org/schema/mule/api-gateway http://www.mulesoft.org/schema/mule/api-gateway/current/mule-api-gateway.xsd">
	<flow name="mobile-accounts-eapi-main">
        <http:listener config-ref="mobile-accounts-eapi-httpListenerConfig" path="/api/*">
            <http:response statusCode="#[vars.httpStatus default 200]">
                <http:headers>#[vars.outboundHeaders default {}]</http:headers>
            </http:response>
            <http:error-response statusCode="#[vars.httpStatus default 500]">
                <http:body>#[payload]</http:body>
                <http:headers>#[vars.outboundHeaders default {}]</http:headers>
            </http:error-response>
        </http:listener>
        <apikit:router config-ref="mobile-accounts-eapi-config" />
		<error-handler ref="global-error-handlerError_Handler" />
    </flow>
    <flow name="mobile-accounts-eapi-console">
        <http:listener config-ref="mobile-accounts-eapi-httpListenerConfig" path="/console/*">
            <http:response statusCode="#[vars.httpStatus default 200]">
                <http:headers>#[vars.outboundHeaders default {}]</http:headers>
            </http:response>
            <http:error-response statusCode="#[vars.httpStatus default 500]">
                <http:body>#[payload]</http:body>
                <http:headers>#[vars.outboundHeaders default {}]</http:headers>
            </http:error-response>
        </http:listener>
        <apikit:console config-ref="mobile-accounts-eapi-config" />
		<error-handler ref="global-error-handlerError_Handler" />
    </flow>
    <flow name="put:\accounts\(account_id):application\json:mobile-accounts-eapi-config">
        <ee:transform doc:name="Account_id">
            <ee:variables>
                <ee:set-variable variableName="account_id">attributes.uriParams.'account_id'</ee:set-variable>
            </ee:variables>
        </ee:transform>
        <http:request method="PUT" doc:name="PUT:/account_papi" doc:id="32c23de2-d186-4652-9a45-276b09662256" config-ref="HTTP_Request_configuration" path="${accountpapi.path}" responseTimeout="${accountpapi.responsetimeout}"/>
		<ee:transform doc:name="Output Response">
            <ee:message>
                <ee:set-payload><![CDATA[%dw 2.0
output application/json
---
{
  id: "0015j00000VNSljAAH",
  status: 0,
  message: "Account updated successfully"
} as Object {encoding: "UTF-8", mediaType: "application/json"}]]></ee:set-payload>
            </ee:message>
        </ee:transform>
    </flow>
    <flow name="delete:\accounts\(account_id):mobile-accounts-eapi-config">
        <ee:transform doc:name="Account_id">
            <ee:variables>
                <ee:set-variable variableName="account_id">attributes.uriParams.'account_id'</ee:set-variable>
            </ee:variables>
        </ee:transform>
        <http:request method="DELETE" doc:name="Delete:/account_sfdc" doc:id="716be296-8a7a-44a4-8f4a-8d2552233603" url="http://accounts-sfdcsapi.us-e2.cloudhub.io/api/accounts{account_id}">
			<http:headers ><![CDATA[#[output application/java
---
{
	"correlationId" : correlationId,
	"client_secret" : "35020c4c75AD44569A404D5548025c01",
	"client_id" : "7ebd09c57bdd48bbb2448f724be8064a"
}]]]></http:headers>
			<http:uri-params ><![CDATA[#[output application/java
---
{
	"account_id" : vars.account_id
}]]]></http:uri-params>
		</http:request>
		<ee:transform doc:name="Output Response">
            <ee:message>
                <ee:set-payload><![CDATA[%dw 2.0
output application/json
---
{
  id: "0015j00000VNSljAAH",
  status: 0,
  message: "Account deleted successfully"
} as Object {encoding: "UTF-8", mediaType: "application/json"}]]></ee:set-payload>
            </ee:message>
        </ee:transform>
    </flow>
	<flow name="get:\accounts\(account_id):mobile-accounts-eapi-config">
        <ee:transform doc:name="Account_id">
            <ee:variables>
                <ee:set-variable variableName="account_id">attributes.uriParams.'account_id'</ee:set-variable>
            </ee:variables>
        </ee:transform>
        <http:request method="GET" doc:name="GET:/account-sfdc" doc:id="f08a0817-0d3c-42ec-adaa-0d1a3d634d06" url="http://accounts-sfdcsapi.us-e2.cloudhub.io/api/accounts{account_id}" responseTimeout="${accountpapi.responsetimeout}">
			<http:headers ><![CDATA[#[output application/java
---
{
	"correlationId" : correlationId,
	"client_secret" : "35020c4c75AD44569A404D5548025c01",
	"client_id" : "7ebd09c57bdd48bbb2448f724be8064a"
}]]]></http:headers>
			<http:uri-params ><![CDATA[#[output application/java
---
{
	"account_id" : vars.account_id
}]]]></http:uri-params>
		</http:request>
		<ee:transform doc:name="Output payload">
            <ee:message>
                <ee:set-payload><![CDATA[%dw 2.0
output application/json
---
payload]]></ee:set-payload>
            </ee:message>
        </ee:transform>
    </flow>
    <flow name="post:\accounts:application\json:mobile-accounts-eapi-config">
        <http:request method="POST" doc:name="POST:/account-papi" doc:id="4651e620-3d6d-4c0f-a275-18b771cd8f7a" config-ref="HTTP_Request_configuration" path="${accountpapi.postpath}" responseTimeout="${accountpapi.responsetimeout}">
			<http:headers ><![CDATA[#[output application/java
---
{
	"correlationId" : correlationId,
	"client_secret" : "35020c4c75AD44569A404D5548025c01",
	"client_id" : "7ebd09c57bdd48bbb2448f724be8064a",
}]]]></http:headers>
		</http:request>
		<!-- [STUDIO:"Request"]<http:request method="POST" doc:name="Request" doc:id="0a299cb5-2019-48c7-851d-fecfd6412759" url="http://accountpapi.us-e2.cloudhub.io/api/accounts">
			<http:headers ><![CDATA[#[output application/java
&#45;&#45;-
{
	"correlationId" : correlationId,
	"client_secret" : "35020c4c75AD44569A404D5548025c01",
	"client_id" : "7ebd09c57bdd48bbb2448f724be8064a"
}&#93;&#93;&#93;></http:headers>
		</http:request> [STUDIO] -->
		<ee:transform doc:name="Create Response">
            <ee:message>
                <ee:set-payload><![CDATA[%dw 2.0
output application/json
---
{
  id: payload.Id,
  status: 0,
  message: "Account created successfully"
} as Object {encoding: "UTF-8", mediaType: "application/json"}]]></ee:set-payload>
            </ee:message>
        </ee:transform>
    </flow>
</mule>
