<?xml version='1.0' encoding='UTF-8'?>
<types:mule xmlns:types="http://www.mulesoft.org/schema/mule/types">
  <types:catalog>
    <types:type name="auto_fc273ab5-3125-458e-9c65-e405b732eb90_Input-Payload" format="java">
      <types:shape format="weave" example="weave/autogenerated/fc273ab5-3125-458e-9c65-e405b732eb90/Input-Payload.wev" autogeneratedOrigin="7d15da7d-ae46-4381-a439-76156819f219"><![CDATA[%dw 2.0

type auto_fc273ab5_3125_458e_9c65_e405b732eb90_Input_Payload = Any

]]></types:shape>
    </types:type>
    <types:type name="auto_fc273ab5-3125-458e-9c65-e405b732eb90_Input-Attributes" format="java">
      <types:shape format="weave" example="weave/autogenerated/fc273ab5-3125-458e-9c65-e405b732eb90/Input-Attributes.wev" autogeneratedOrigin="7d15da7d-ae46-4381-a439-76156819f219"><![CDATA[%dw 2.0

type auto_fc273ab5_3125_458e_9c65_e405b732eb90_Input_Attributes = {|
  clientCertificate?: {|
    publicKey?: {|  |}, 
    "type"?: String, 
    encoded?: Binary
  |}, 
  headers: {|
    correlationId: String, 
    channel?: String, 
    client_id: String, 
    client_secret: String, 
    Authorization: String
  |}, 
  listenerPath: String, 
  method: String, 
  queryParams: {|  |}, 
  queryString: String, 
  relativePath: String, 
  remoteAddress: String, 
  requestPath: String, 
  requestUri: String, 
  scheme: String, 
  uriParams: {|  |}, 
  version: String, 
  localAddress: String
|}

]]></types:shape>
    </types:type>
    <types:type name="auto_fc273ab5-3125-458e-9c65-e405b732eb90_Input-Variables-outboundHeaders" format="java">
      <types:shape format="weave" example="weave/autogenerated/fc273ab5-3125-458e-9c65-e405b732eb90/Input-Variables-outboundHeaders.wev" autogeneratedOrigin="7d15da7d-ae46-4381-a439-76156819f219"><![CDATA[%dw 2.0

type auto_fc273ab5_3125_458e_9c65_e405b732eb90_Input_Variables_outboundHeaders = {|  |}

]]></types:shape>
    </types:type>
    <types:type name="auto_fc273ab5-3125-458e-9c65-e405b732eb90_Input-Variables-httpStatus" format="java">
      <types:shape format="raml" autogeneratedOrigin="7d15da7d-ae46-4381-a439-76156819f219"><![CDATA[#%RAML 1.0 DataType
type: string]]></types:shape>
    </types:type>
    <types:type name="auto_fc273ab5-3125-458e-9c65-e405b732eb90_Output-Payload" format="json">
      <types:shape format="weave" example="weave/autogenerated/fc273ab5-3125-458e-9c65-e405b732eb90/Output-Payload.wev" autogeneratedOrigin="7d15da7d-ae46-4381-a439-76156819f219"><![CDATA[%dw 2.0

type auto_fc273ab5_3125_458e_9c65_e405b732eb90_Output_Payload = Array<{  country?: String,   iso?: String,   region?: String,   _?: Any}>

]]></types:shape>
    </types:type>
    <types:type name="auto_fc273ab5-3125-458e-9c65-e405b732eb90_Output-Attributes" format="java">
      <types:shape format="weave" example="weave/autogenerated/fc273ab5-3125-458e-9c65-e405b732eb90/Output-Attributes.wev" autogeneratedOrigin="7d15da7d-ae46-4381-a439-76156819f219"><![CDATA[%dw 2.0

type auto_fc273ab5_3125_458e_9c65_e405b732eb90_Output_Attributes = {|
  statusCode: Number, 
  reasonPhrase: String, 
  headers: { _?: String }
|} {"typeAlias": "HttpResponseAttributes",
"typeId": "org.mule.extension.http.api.HttpResponseAttributes"}

]]></types:shape>
    </types:type>
    <types:type name="auto_fc273ab5-3125-458e-9c65-e405b732eb90_Output-Variables-outboundHeaders" format="java">
      <types:shape format="weave" example="weave/autogenerated/fc273ab5-3125-458e-9c65-e405b732eb90/Output-Variables-outboundHeaders.wev" autogeneratedOrigin="7d15da7d-ae46-4381-a439-76156819f219"><![CDATA[%dw 2.0

type auto_fc273ab5_3125_458e_9c65_e405b732eb90_Output_Variables_outboundHeaders = {|  |}

]]></types:shape>
    </types:type>
    <types:type name="auto_fc273ab5-3125-458e-9c65-e405b732eb90_Output-Variables-httpStatus" format="java">
      <types:shape format="raml" autogeneratedOrigin="7d15da7d-ae46-4381-a439-76156819f219"><![CDATA[#%RAML 1.0 DataType
type: string]]></types:shape>
    </types:type>
    <types:type name="auto_0715b185-1fb3-4b23-8260-2080b3e8a394_Input-Payload" format="java">
      <types:shape format="weave" example="weave/autogenerated/0715b185-1fb3-4b23-8260-2080b3e8a394/Input-Payload.wev" autogeneratedOrigin="6d667771-4f9b-4c05-8090-f6227e4f8d6d"><![CDATA[%dw 2.0

type auto_0715b185_1fb3_4b23_8260_2080b3e8a394_Input_Payload = Any

]]></types:shape>
    </types:type>
    <types:type name="auto_0715b185-1fb3-4b23-8260-2080b3e8a394_Input-Attributes" format="java">
      <types:shape format="weave" example="weave/autogenerated/0715b185-1fb3-4b23-8260-2080b3e8a394/Input-Attributes.wev" autogeneratedOrigin="6d667771-4f9b-4c05-8090-f6227e4f8d6d"><![CDATA[%dw 2.0

type auto_0715b185_1fb3_4b23_8260_2080b3e8a394_Input_Attributes = {|
  clientCertificate?: {|
    publicKey?: {|  |}, 
    "type"?: String, 
    encoded?: Binary
  |}, 
  headers: {|
    correlationId: String, 
    channel?: String, 
    client_id: String, 
    client_secret: String, 
    Authorization: String
  |}, 
  listenerPath: String, 
  method: String, 
  queryParams: {|  |}, 
  queryString: String, 
  relativePath: String, 
  remoteAddress: String, 
  requestPath: String, 
  requestUri: String, 
  scheme: String, 
  uriParams: {| iso_code: String |}, 
  version: String, 
  localAddress: String
|}

]]></types:shape>
    </types:type>
    <types:type name="auto_0715b185-1fb3-4b23-8260-2080b3e8a394_Output-Payload" format="json">
      <types:shape format="weave" example="weave/autogenerated/0715b185-1fb3-4b23-8260-2080b3e8a394/Output-Payload.wev" autogeneratedOrigin="6d667771-4f9b-4c05-8090-f6227e4f8d6d"><![CDATA[%dw 2.0

type auto_0715b185_1fb3_4b23_8260_2080b3e8a394_Output_Payload = {
  country?: String, 
  iso?: String, 
  region?: String, 
  _?: Any
}

]]></types:shape>
    </types:type>
    <types:type name="auto_0715b185-1fb3-4b23-8260-2080b3e8a394_Output-Attributes" format="java">
      <types:shape format="weave" example="weave/autogenerated/0715b185-1fb3-4b23-8260-2080b3e8a394/Output-Attributes.wev" autogeneratedOrigin="6d667771-4f9b-4c05-8090-f6227e4f8d6d"><![CDATA[%dw 2.0

type auto_0715b185_1fb3_4b23_8260_2080b3e8a394_Output_Attributes = {|
  clientCertificate?: {|
    publicKey?: {|  |}, 
    "type"?: String, 
    encoded?: Binary
  |}, 
  headers: {|
    correlationId: String, 
    channel?: String, 
    client_id: String, 
    client_secret: String, 
    Authorization: String
  |}, 
  listenerPath: String, 
  method: String, 
  queryParams: {|  |}, 
  queryString: String, 
  relativePath: String, 
  remoteAddress: String, 
  requestPath: String, 
  requestUri: String, 
  scheme: String, 
  uriParams: {| iso_code: String |}, 
  version: String, 
  localAddress: String
|}

]]></types:shape>
    </types:type>
    <types:type name="auto_0715b185-1fb3-4b23-8260-2080b3e8a394_Output-Variables-outboundHeaders" format="java">
      <types:shape format="weave" example="weave/autogenerated/0715b185-1fb3-4b23-8260-2080b3e8a394/Output-Variables-outboundHeaders.wev" autogeneratedOrigin="6d667771-4f9b-4c05-8090-f6227e4f8d6d"><![CDATA[%dw 2.0

type auto_0715b185_1fb3_4b23_8260_2080b3e8a394_Output_Variables_outboundHeaders = {|  |}

]]></types:shape>
    </types:type>
    <types:type name="auto_0715b185-1fb3-4b23-8260-2080b3e8a394_Output-Variables-httpStatus" format="java">
      <types:shape format="raml" autogeneratedOrigin="6d667771-4f9b-4c05-8090-f6227e4f8d6d"><![CDATA[#%RAML 1.0 DataType
type: string]]></types:shape>
    </types:type>
    <types:type name="auto_0715b185-1fb3-4b23-8260-2080b3e8a394_Output-Variables-iso_code" format="java">
      <types:shape format="weave" example="weave/autogenerated/0715b185-1fb3-4b23-8260-2080b3e8a394/code.wev" autogeneratedOrigin="6d667771-4f9b-4c05-8090-f6227e4f8d6d"><![CDATA[%dw 2.0

type auto_0715b185_1fb3_4b23_8260_2080b3e8a394_Output_Variables_iso_code = Any

]]></types:shape>
    </types:type>
  </types:catalog>
  <types:enrichment select="#fc273ab5-3125-458e-9c65-e405b732eb90">
    <types:processor-declaration>
      <types:input-event>
        <types:message>
          <types:payload type="auto_fc273ab5-3125-458e-9c65-e405b732eb90_Input-Payload"/>
          <types:attributes type="auto_fc273ab5-3125-458e-9c65-e405b732eb90_Input-Attributes"/>
        </types:message>
        <types:variables>
          <types:variable name="outboundHeaders" type="auto_fc273ab5-3125-458e-9c65-e405b732eb90_Input-Variables-outboundHeaders"/>
          <types:variable name="httpStatus" type="auto_fc273ab5-3125-458e-9c65-e405b732eb90_Input-Variables-httpStatus"/>
        </types:variables>
      </types:input-event>
      <types:output-event>
        <types:message>
          <types:payload type="auto_fc273ab5-3125-458e-9c65-e405b732eb90_Output-Payload"/>
          <types:attributes type="auto_fc273ab5-3125-458e-9c65-e405b732eb90_Output-Attributes"/>
        </types:message>
        <types:variables>
          <types:variable name="outboundHeaders" type="auto_fc273ab5-3125-458e-9c65-e405b732eb90_Output-Variables-outboundHeaders"/>
          <types:variable name="httpStatus" type="auto_fc273ab5-3125-458e-9c65-e405b732eb90_Output-Variables-httpStatus"/>
        </types:variables>
      </types:output-event>
    </types:processor-declaration>
  </types:enrichment>
  <types:enrichment select="#0715b185-1fb3-4b23-8260-2080b3e8a394">
    <types:processor-declaration>
      <types:input-event>
        <types:message>
          <types:payload type="auto_0715b185-1fb3-4b23-8260-2080b3e8a394_Input-Payload"/>
          <types:attributes type="auto_0715b185-1fb3-4b23-8260-2080b3e8a394_Input-Attributes"/>
        </types:message>
      </types:input-event>
      <types:output-event>
        <types:message>
          <types:payload type="auto_0715b185-1fb3-4b23-8260-2080b3e8a394_Output-Payload"/>
          <types:attributes type="auto_0715b185-1fb3-4b23-8260-2080b3e8a394_Output-Attributes"/>
        </types:message>
        <types:variables>
          <types:variable name="outboundHeaders" type="auto_0715b185-1fb3-4b23-8260-2080b3e8a394_Output-Variables-outboundHeaders"/>
          <types:variable name="httpStatus" type="auto_0715b185-1fb3-4b23-8260-2080b3e8a394_Output-Variables-httpStatus"/>
          <types:variable name="iso_code" type="auto_0715b185-1fb3-4b23-8260-2080b3e8a394_Output-Variables-iso_code"/>
        </types:variables>
      </types:output-event>
    </types:processor-declaration>
  </types:enrichment>
</types:mule>