<?xml version="1.0" encoding="UTF-8"?>
<mule xmlns="http://www.mulesoft.org/schema/mule/core" xmlns:apikit="http://www.mulesoft.org/schema/mule/mule-apikit" xmlns:doc="http://www.mulesoft.org/schema/mule/documentation" xmlns:ee="http://www.mulesoft.org/schema/mule/ee/core" xmlns:http="http://www.mulesoft.org/schema/mule/http" xmlns:salesforce="http://www.mulesoft.org/schema/mule/salesforce" xmlns:xsi="http://www.w3.org/2001/XMLSchema-instance" xsi:schemaLocation="http://www.mulesoft.org/schema/mule/core http://www.mulesoft.org/schema/mule/core/current/mule.xsd http://www.mulesoft.org/schema/mule/http http://www.mulesoft.org/schema/mule/http/current/mule-http.xsd http://www.mulesoft.org/schema/mule/mule-apikit http://www.mulesoft.org/schema/mule/mule-apikit/current/mule-apikit.xsd http://www.mulesoft.org/schema/mule/ee/core http://www.mulesoft.org/schema/mule/ee/core/current/mule-ee.xsd  http://www.mulesoft.org/schema/mule/salesforce http://www.mulesoft.org/schema/mule/salesforce/current/mule-salesforce.xsd">
    <flow name="accounts-sfdc-sapi-main">
        <http:listener config-ref="accounts-sfdc-sapi-httpListenerConfig" path="/api/*">
            <http:response statusCode="#[vars.httpStatus default 200]">
                <http:headers>#[vars.outboundHeaders default {}]</http:headers>
            </http:response>
            <http:error-response statusCode="#[vars.httpStatus default 500]">
                <http:body>#[payload]</http:body>
                <http:headers>#[vars.outboundHeaders default {}]</http:headers>
            </http:error-response>
        </http:listener>
        <apikit:router config-ref="accounts-sfdc-sapi-config" />
        <error-handler ref="global-error-handlerError_Handler" />
    </flow>
    <flow name="accounts-sfdc-sapi-console">
        <http:listener config-ref="accounts-sfdc-sapi-httpListenerConfig" path="/console/*">
            <http:response statusCode="#[vars.httpStatus default 200]">
                <http:headers>#[vars.outboundHeaders default {}]</http:headers>
            </http:response>
            <http:error-response statusCode="#[vars.httpStatus default 500]">
                <http:body>#[payload]</http:body>
                <http:headers>#[vars.outboundHeaders default {}]</http:headers>
            </http:error-response>
        </http:listener>
        <apikit:console config-ref="accounts-sfdc-sapi-config" />
        <error-handler ref="global-error-handlerError_Handler" />
    </flow>
    <flow name="put:\accounts\(account_id):application\json:accounts-sfdc-sapi-config">
		<flow-ref doc:name="implement put account" doc:id="79ea4568-1ec9-4cee-94fc-91c8248fa66a" name="imp-put-accountFlow"/>
            </flow>
    <flow name="delete:\accounts\(account_id):accounts-sfdc-sapi-config">
		<flow-ref doc:name="implement delete account" doc:id="bb6db3ff-0c24-486a-a65c-4f1b5b109af5" name="imp-delete-accountFlow"/>

    </flow>
	<flow name="get:\accounts\(account_id):accounts-sfdc-sapi-config">
		<flow-ref doc:name="implement get account" doc:id="0ca9390a-8c75-4cc6-a29f-9602df73a81d" name="imp-get-accountFlow" />
        
    </flow>
    <flow name="post:\accounts:application\json:accounts-sfdc-sapi-config">
		<flow-ref doc:name="implement post account" doc:id="4ad7d329-5d95-47c4-986d-868d277d9934" name="imp-post-accountFlow"/>

    </flow>
</mule>
