<?xml version="1.0" encoding="UTF-8"?>

<mule xmlns:secure-properties="http://www.mulesoft.org/schema/mule/secure-properties"
	xmlns:api-gateway="http://www.mulesoft.org/schema/mule/api-gateway"
	xmlns:salesforce="http://www.mulesoft.org/schema/mule/salesforce" xmlns:apikit="http://www.mulesoft.org/schema/mule/mule-apikit"
	xmlns:http="http://www.mulesoft.org/schema/mule/http"
	xmlns="http://www.mulesoft.org/schema/mule/core" xmlns:doc="http://www.mulesoft.org/schema/mule/documentation" xmlns:xsi="http://www.w3.org/2001/XMLSchema-instance" xsi:schemaLocation="
http://www.mulesoft.org/schema/mule/mule-apikit http://www.mulesoft.org/schema/mule/mule-apikit/current/mule-apikit.xsd 
http://www.mulesoft.org/schema/mule/http http://www.mulesoft.org/schema/mule/http/current/mule-http.xsd http://www.mulesoft.org/schema/mule/core http://www.mulesoft.org/schema/mule/core/current/mule.xsd
http://www.mulesoft.org/schema/mule/salesforce http://www.mulesoft.org/schema/mule/salesforce/current/mule-salesforce.xsd
http://www.mulesoft.org/schema/mule/api-gateway http://www.mulesoft.org/schema/mule/api-gateway/current/mule-api-gateway.xsd
http://www.mulesoft.org/schema/mule/secure-properties http://www.mulesoft.org/schema/mule/secure-properties/current/mule-secure-properties.xsd">
	<import doc:name="Import" doc:id="13c883ba-e0dd-4e62-9058-07a1b6958bdf" file="global-error-handler.xml" />
    <http:listener-config name="accounts-sfdc-sapi-httpListenerConfig">
        <http:listener-connection host="${http.host}" port="${http.port}" readTimeout="${http.readtimeout}"/>
    </http:listener-config>
    <apikit:config name="accounts-sfdc-sapi-config" api="resource::353e69d1-8cd6-4f7f-aa3f-b0ccb2fde531:accounts-sfdc-sapi:1.0.3:raml:zip:accounts-sfdc-sapi.raml" outboundHeadersMapName="outboundHeaders" httpStatusVarName="httpStatus" />
	<salesforce:sfdc-config name="Salesforce_Config" doc:name="Salesforce Config" doc:id="4ebb3e3f-673c-4f33-9f0f-717d8f498733" >
		<salesforce:basic-connection username="${salesforce.username}" password="${secure::salesforce.password}" securityToken='${secure::salesforce.securityToken}' />
	</salesforce:sfdc-config>
	<api-gateway:autodiscovery apiId="19375578" ignoreBasePath="true" doc:name="API Autodiscovery" doc:id="50f04eb1-7197-4dbb-b599-02da9f07c3c4" flowRef="accounts-sfdc-sapi-main" />
	<global-property doc:name="Global Property" doc:id="a2067dc3-9169-407e-9c6d-209fdb895aeb" name="mule.key" value="Training@9876543"/>
	<global-property doc:name="Global Property" doc:id="8c96cee9-11ee-4f31-999c-0709d6ef41b8" name="mule.env" value="dev" />
	<configuration-properties doc:name="Configuration properties" doc:id="1cf53af0-733b-4c29-b198-8f41ccc631d3" file="${mule.env}.yaml" />
	<secure-properties:config name="Secure_Properties_Config" doc:name="Secure Properties Config" doc:id="1eae1f4f-2c0c-42d0-bedf-3bb2546ba180" file="${mule.env}.yaml" key="${mule.key}" />


</mule>
