<?xml version="1.0" encoding="UTF-8"?>

<mule xmlns:salesforce="http://www.mulesoft.org/schema/mule/salesforce"
	xmlns:ee="http://www.mulesoft.org/schema/mule/ee/core" xmlns="http://www.mulesoft.org/schema/mule/core"
	xmlns:doc="http://www.mulesoft.org/schema/mule/documentation"
	xmlns:xsi="http://www.w3.org/2001/XMLSchema-instance" xsi:schemaLocation="
http://www.mulesoft.org/schema/mule/ee/core http://www.mulesoft.org/schema/mule/ee/core/current/mule-ee.xsd http://www.mulesoft.org/schema/mule/core http://www.mulesoft.org/schema/mule/core/current/mule.xsd
http://www.mulesoft.org/schema/mule/salesforce http://www.mulesoft.org/schema/mule/salesforce/current/mule-salesforce.xsd">
	<flow name="imp-get-accountFlow" doc:id="3ec7cad3-91c3-4b5a-9086-08d64482f805" >
	<ee:transform doc:name="Select Query">
            <ee:message>
				<ee:set-payload><![CDATA["select Id, Account_id__c, Name, e_mail__c, Phone, Fax, AccountNumber, BillingStreet, BillingCity, BillingState, BillingPostalCode, BillingCountry, ShippingStreet, ShippingCity, ShippingState, ShippingPostalCode, ShippingCountry from Account where Account_id__c='"++ attributes.uriParams.account_id ++ "'"]]></ee:set-payload>
			</ee:message>
			<ee:variables>
                <ee:set-variable variableName="account_id"><![CDATA[attributes.uriParams.'account_id']]></ee:set-variable>
            </ee:variables>
        </ee:transform>
		<salesforce:query doc:name="Query" doc:id="cfca5741-b0d4-4424-b01c-03c14bcaaa8a" config-ref="Salesforce_Config">
			<salesforce:salesforce-query ><![CDATA[#[payload]]]></salesforce:salesforce-query>
		</salesforce:query>
		<ee:transform doc:name="Account details" doc:id="5dfef0a3-ee8f-4008-aede-7bba21201cd4">
			<ee:message>
				<ee:set-payload><![CDATA[%dw 2.0
output application/json
---
{
    account_id: payload[0].Account_id__c,
	name: payload[0].Name,
	email: payload[0].e_mail__c,
	number: payload[0].AccountNumber,
	phone: payload[0].Phone,
	fax: payload[0].Fax,
	billingAddress: {
		country: payload[0].BillingCountry,
		city: payload[0].BillingCity,
		street: payload[0].BillingStreet,
		postalCode: payload[0].BillingPostalCode,
		state: payload[0].BillingState
	},
		shippingAddress: {
		city: payload[0].ShippingCity,
		country: payload[0].ShippingCountry,
		street: payload[0].ShippingStreet,
		postalCode: payload[0].ShippingPostalCode,
		state: payload[0].ShippingState
	}
	

}]]></ee:set-payload>
			</ee:message>
		</ee:transform>
		<!-- [STUDIO:"Transform Message"]<ee:transform doc:name="Transform Message">
            <ee:message>
                <ee:set-payload><![CDATA[%dw 2.0
output application/json
&#45;&#45;-
{
  name: "Sravanthi",
  email: "abc@xyz.com",
  number: "1011",
  phone: "90312893293",
  fax: "21312312",
  billingAddress: {
    street: "High Street",
    city: "Hyderabad",
    state: "Telangana",
    postalCode: "500089",
    country: "India"
  },
  shippingAddress: {
    street: "High Street",
    city: "Hyderabad",
    state: "Telangana",
    postalCode: "500089",
    country: "India"
  }
} as Object {encoding: "UTF-8", mediaType: "application/json"}&#93;&#93;></ee:set-payload>
            </ee:message>
        </ee:transform> [STUDIO] -->
	</flow>
</mule>
