<?xml version="1.0" encoding="UTF-8"?>

<mule xmlns:salesforce="http://www.mulesoft.org/schema/mule/salesforce"
	xmlns:ee="http://www.mulesoft.org/schema/mule/ee/core" xmlns="http://www.mulesoft.org/schema/mule/core"
	xmlns:doc="http://www.mulesoft.org/schema/mule/documentation"
	xmlns:xsi="http://www.w3.org/2001/XMLSchema-instance" xsi:schemaLocation="
http://www.mulesoft.org/schema/mule/ee/core http://www.mulesoft.org/schema/mule/ee/core/current/mule-ee.xsd http://www.mulesoft.org/schema/mule/core http://www.mulesoft.org/schema/mule/core/current/mule.xsd
http://www.mulesoft.org/schema/mule/salesforce http://www.mulesoft.org/schema/mule/salesforce/current/mule-salesforce.xsd">
	<flow name="imp-post-accountFlow" doc:id="1ca29cfd-615b-490e-b26c-68e74868e133" >
	        <logger level="INFO" doc:name="Start the flow" doc:id="1d00db3c-a647-4821-b394-5456347bfad6" message="Start the flow #[flow]  input payload #[payload]"/>
		<ee:transform doc:name="Map the Input payload" doc:id="0c398ad4-9577-4901-94c5-cc55b26211df" >
			<ee:message >
				<ee:set-payload ><![CDATA[%dw 2.0
output application/java
---
[{
	Name: payload.name,
	e_mail__c: payload.email as String,
	Phone: payload.phone,
	Fax: payload.fax,
	AccountNumber: payload.number,
	BillingStreet: payload.billingAddress.street,
	BillingCity: payload.billingAddress.city,
	BillingState: payload.billingAddress.state,
	BillingPostalCode: payload.billingAddress.postalCode,
	BillingCountry: payload.billingAddress.country,
	ShippingStreet: payload.shippingAddress.street,
	ShippingCity: payload.shippingAddress.city,
	ShippingState: payload.shippingAddress.state,
	ShippingPostalCode: payload.shippingAddress.postalCode,
	ShippingCountry: payload.shippingAddress.country
}]]]></ee:set-payload>
			</ee:message>
		</ee:transform>
		<logger level="INFO" doc:name="SFDC create Account" doc:id="2d605681-76d6-4623-991e-d078e257a83c" message="Input payload #[payload]"/>
		<salesforce:create doc:name="Create Account" doc:id="211a153e-8e69-491a-8f69-7618ab5dce85" config-ref="Salesforce_Config" type="Account"/>
		<choice doc:name="Choice" doc:id="14e694d3-8e99-4a28-91a7-15af31cb4d38" >
			<when expression="#[payload.items[0].statusCode == null]">
				<logger level="DEBUG" doc:name="Created Account Response" doc:id="504eea13-b21e-4130-a683-1224190b0c07" message="Response #[payload]" />
				<ee:transform doc:name="Create Response">
            <ee:message>
                <ee:set-payload><![CDATA[%dw 2.0
output application/json
---
{
  id: payload.items.id reduce $,
  status: 201,
  message: "Account created successfully"
} as Object {encoding: "UTF-8", mediaType: "application/json"}]]></ee:set-payload>
            </ee:message>
        </ee:transform>
			</when>
			<otherwise>
				<logger level="INFO" doc:name="Created Account Response" doc:id="06f3e972-3d5b-4db0-a095-294bb1fb7074" message="Response #[payload]"/>
				<ee:transform doc:name="Create Responce for  Duplicate Account" doc:id="e04f3844-a471-4a68-a2e0-b2a9bb826a29" >
					<ee:message >
						<ee:set-payload ><![CDATA[%dw 2.0
output application/json
---
{
  id: payload.items.id,
  status: payload.items[0].statusCode,
  message: "Duplicate Account"
} as Object {encoding: "UTF-8", mediaType: "application/json"}]]></ee:set-payload>
					</ee:message>
				</ee:transform>
			</otherwise>
		</choice>
	</flow>
</mule>
