<?xml version="1.0" encoding="UTF-8"?>

<mule xmlns:salesforce="http://www.mulesoft.org/schema/mule/salesforce"
	xmlns:ee="http://www.mulesoft.org/schema/mule/ee/core" xmlns="http://www.mulesoft.org/schema/mule/core"
	xmlns:doc="http://www.mulesoft.org/schema/mule/documentation"
	xmlns:xsi="http://www.w3.org/2001/XMLSchema-instance" xsi:schemaLocation="
http://www.mulesoft.org/schema/mule/ee/core http://www.mulesoft.org/schema/mule/ee/core/current/mule-ee.xsd http://www.mulesoft.org/schema/mule/core http://www.mulesoft.org/schema/mule/core/current/mule.xsd
http://www.mulesoft.org/schema/mule/salesforce http://www.mulesoft.org/schema/mule/salesforce/current/mule-salesforce.xsd">
	<flow name="imp-delete-accountFlow" doc:id="94fea7d9-9503-41d2-9fe6-8a5403b027d3" >
			<ee:transform doc:name="Account_id" doc:id="d5860682-87b7-4015-8408-79a7bcdac324" >
			<ee:message >
			</ee:message>
			<ee:variables >
				<ee:set-variable variableName="account_id" ><![CDATA[attributes.uriParams.account_id]]></ee:set-variable>
			</ee:variables>
		</ee:transform>
		<ee:transform doc:name="Select Query" doc:id="5609dedc-b4d8-49e8-9701-7b0df30a06c6" >
			<ee:message >
				<ee:set-payload ><![CDATA[%dw 2.0
output application/java
---
"select Id from Account where Account_id__c='"++ attributes.uriParams.account_id ++ "'"]]></ee:set-payload>
			</ee:message>
		</ee:transform>
		<salesforce:query doc:name="Query" doc:id="cc3465b1-408d-43b0-b99d-9c8635a0cbcd" config-ref="Salesforce_Config">
			<salesforce:salesforce-query ><![CDATA[#[payload]]]></salesforce:salesforce-query>
		</salesforce:query>
		<choice doc:name="Is SFDC query Response empty?" doc:id="83fa6030-81d4-4ec4-b389-6d42e374b1c7" >
			<when expression="isEmpty(payload)">
				<logger level="DEBUG" doc:name="Empty Payload" doc:id="b92d2664-ad13-457f-b54e-24d4c026f59d" message="Payload is Empty"/>
				<ee:transform doc:name="Transform Message" doc:id="bde4da41-dbb2-46bd-87f4-758126870823" >
					<ee:message >
						<ee:set-payload ><![CDATA[%dw 2.0
output application/json
---
{
  status: payload.items[0].statusCode,
  message: "No Recored"
} as Object {encoding: "UTF-8", mediaType: "application/json"}]]></ee:set-payload>
					</ee:message>
				</ee:transform>
			</when>
			<otherwise >
				<salesforce:delete doc:name="Delete" doc:id="4b441b69-5f31-4c7d-9b8e-58bdfd640997" config-ref="Salesforce_Config">
			<salesforce:ids><![CDATA[#[payload.Id]]]></salesforce:ids>
		</salesforce:delete>
				<ee:transform doc:name="Delete Response">
            <ee:message>
                <ee:set-payload><![CDATA[%dw 2.0
output application/json
---
{
  id: payload.items.id reduce $,
  status: payload.items[0].statusCode,
  message: "Account deleted successfully"
} as Object {encoding: "UTF-8", mediaType: "application/json"}]]></ee:set-payload>
            </ee:message>
        </ee:transform>
			</otherwise>
		</choice>
		<logger level="INFO" doc:name="End of the flow" doc:id="4946219c-8482-46b1-9866-0718dd346817" message="Responce payload #[payload]"/>
	
</flow>
</mule>
