<?xml version="1.0" encoding="UTF-8"?>

<mule xmlns:salesforce="http://www.mulesoft.org/schema/mule/salesforce"
	xmlns:ee="http://www.mulesoft.org/schema/mule/ee/core" xmlns="http://www.mulesoft.org/schema/mule/core"
	xmlns:doc="http://www.mulesoft.org/schema/mule/documentation"
	xmlns:xsi="http://www.w3.org/2001/XMLSchema-instance" xsi:schemaLocation="
http://www.mulesoft.org/schema/mule/ee/core http://www.mulesoft.org/schema/mule/ee/core/current/mule-ee.xsd http://www.mulesoft.org/schema/mule/core http://www.mulesoft.org/schema/mule/core/current/mule.xsd
http://www.mulesoft.org/schema/mule/salesforce http://www.mulesoft.org/schema/mule/salesforce/current/mule-salesforce.xsd">
	<flow name="imp-put-accountFlow" doc:id="6f0cfbec-3e78-4c37-8965-1ac8a0169b33" >
	<ee:transform doc:name="Select query">
            <ee:message >
				<ee:set-payload ><![CDATA["select Account_id__c,Name, e_mail__c, Phone, Fax, AccountNumber, BillingStreet, BillingCity, BillingState, BillingPostalCode, BillingCountry, ShippingStreet, ShippingCity, ShippingState, ShippingPostalCode, ShippingCountry from Account where Account_id__c = '" ++ attributes.uriParams.account_id ++ "'"]]></ee:set-payload>
			</ee:message>
			<ee:variables>
                <ee:set-variable variableName="account_id"><![CDATA[attributes.uriParams.'account_id']]></ee:set-variable>
				<ee:set-variable variableName="payload" ><![CDATA[%dw 2.0
output application/java
---
payload]]></ee:set-variable>
            </ee:variables>
        </ee:transform>
		<salesforce:query doc:name="Query" doc:id="832ce030-f13f-4deb-818b-8248f6600056" config-ref="Salesforce_Config">
			<salesforce:salesforce-query ><![CDATA[#[payload]]]></salesforce:salesforce-query>
		</salesforce:query>
		<ee:transform doc:name="payload" doc:id="35c63e4b-be9d-4ca4-829d-85f88f8ca3bb" >
			<ee:message >
				<ee:set-payload ><![CDATA[%dw 2.0
output application/java
---
payload]]></ee:set-payload>
			</ee:message>
		</ee:transform>
		<choice doc:name="Choice" doc:id="c65f9061-39b0-4414-9bcc-3d7779b9dd94" >
			<when expression="#[!isEmpty(vars.account_id)]">
				<ee:transform doc:name="Account update data" doc:id="ce1693e3-0a7a-4c63-8a7e-5c129e557841" >
					<ee:message >
						<ee:set-payload ><![CDATA[%dw 2.0
output application/java
---
 [{ Account_id__c: vars.account_id, Name: vars.payload.name, Phone: vars.payload.phone, Fax: vars.payload.fax, AccountNumber: vars.payload.number, e_mail__c: vars.payload.email as String, BillingStreet: vars.payload.billingAddress.street, BillingCity: vars.payload.billingAddress.city, BillingState: vars.payload.billingAddress.state, BillingPostalCode: vars.payload.billingAddress.postalCode, BillingCountry: vars.payload.billingAddress.country, ShippingStreet: vars.payload.shippingAddress.street, ShippingCity: vars.payload.shippingAddress.city, ShippingState: vars.payload.shippingAddress.state, ShippingPostalCode: vars.payload.shippingAddress.postalCode, ShippingCountry: vars.payload.shippingAddress.country }] ]]></ee:set-payload>
					</ee:message>
				</ee:transform>
				<salesforce:upsert objectType="Account" externalIdFieldName="Account_id__c" doc:name="Upsert" doc:id="2e092670-1c2f-49a2-84b1-25c0314a67a3" config-ref="Salesforce_Config"/>
			
</when>
			<otherwise >
				<logger level="ERROR" doc:name="Error Logger" doc:id="70be096c-cfb3-492b-b266-c14df7885e4b" message="Error"/>
			</otherwise>
		</choice>
		<ee:transform doc:name="Output Response">
            <ee:message>
                <ee:set-payload><![CDATA[%dw 2.0
output application/json
---
{
  id: "0015j00000VNSljAAH",
  status: 0,
  message: "Account updated successfully"
} as Object {encoding: "UTF-8", mediaType: "application/json"}]]></ee:set-payload>
            </ee:message>
        </ee:transform>
	
	</flow>
</mule>
