<?xml version="1.0" encoding="UTF-8"?>
<mule xmlns="http://www.mulesoft.org/schema/mule/core" xmlns:apikit="http://www.mulesoft.org/schema/mule/mule-apikit" xmlns:doc="http://www.mulesoft.org/schema/mule/documentation" xmlns:ee="http://www.mulesoft.org/schema/mule/ee/core" xmlns:http="http://www.mulesoft.org/schema/mule/http" xmlns:validation="http://www.mulesoft.org/schema/mule/validation" xmlns:xsi="http://www.w3.org/2001/XMLSchema-instance" xsi:schemaLocation="http://www.mulesoft.org/schema/mule/core http://www.mulesoft.org/schema/mule/core/current/mule.xsd http://www.mulesoft.org/schema/mule/http http://www.mulesoft.org/schema/mule/http/current/mule-http.xsd http://www.mulesoft.org/schema/mule/mule-apikit http://www.mulesoft.org/schema/mule/mule-apikit/current/mule-apikit.xsd http://www.mulesoft.org/schema/mule/ee/core http://www.mulesoft.org/schema/mule/ee/core/current/mule-ee.xsd  http://www.mulesoft.org/schema/mule/validation http://www.mulesoft.org/schema/mule/validation/current/mule-validation.xsd">
    <flow name="first-country-lookup-sapi-main">
        <http:listener config-ref="first-country-lookup-sapi-httpListenerConfig" path="/api/*">
            <http:response statusCode="#[vars.httpStatus default 200]">
                <http:headers>#[vars.outboundHeaders default {}]</http:headers>
            </http:response>
            <http:error-response statusCode="#[vars.httpStatus default 500]">
                <http:body>#[payload]</http:body>
                <http:headers>#[vars.outboundHeaders default {}]</http:headers>
            </http:error-response>
        </http:listener>
        <apikit:router config-ref="first-country-lookup-sapi-config" />
        <error-handler ref="global-error-handlerError_Handler" />
    </flow>
    <flow name="first-country-lookup-sapi-console">
        <http:listener config-ref="first-country-lookup-sapi-httpListenerConfig" path="/console/*">
            <http:response statusCode="#[vars.httpStatus default 200]">
                <http:headers>#[vars.outboundHeaders default {}]</http:headers>
            </http:response>
            <http:error-response statusCode="#[vars.httpStatus default 500]">
                <http:body>#[payload]</http:body>
                <http:headers>#[vars.outboundHeaders default {}]</http:headers>
            </http:error-response>
        </http:listener>
        <apikit:console config-ref="first-country-lookup-sapi-config" />
        <error-handler ref="global-error-handlerError_Handler" />
    </flow>
    <flow name="get:\countries:first-country-lookup-sapi-config" doc:id="0b935293-8a6e-4a9d-bead-7feec2a9dcc1">
        <flow-ref doc:name="implement get country" doc:id="7d15da7d-ae46-4381-a439-76156819f219" name="implementation-get-countryFlow" />
        <ee:transform doc:name="output payload">
            <ee:message>
                <ee:set-payload><![CDATA[%dw 2.0
output application/json
---
payload.data pluck ((value, key, index) -> {"country": value.country,"region": value.region,"iso_code": key})]]></ee:set-payload>
            </ee:message>
        </ee:transform>
    </flow>
    <flow name="get:\countries\(iso_code):first-country-lookup-sapi-config">
        <flow-ref doc:name="implement get country isocode" doc:id="6d667771-4f9b-4c05-8090-f6227e4f8d6d" name="lm-get-country-isocodeFlow" />
    </flow>
</mule>
