<?xml version="1.0" encoding="UTF-8"?>
<mule xmlns="http://www.mulesoft.org/schema/mule/core" xmlns:api-gateway="http://www.mulesoft.org/schema/mule/api-gateway" xmlns:apikit="http://www.mulesoft.org/schema/mule/mule-apikit" xmlns:doc="http://www.mulesoft.org/schema/mule/documentation" xmlns:ee="http://www.mulesoft.org/schema/mule/ee/core" xmlns:http="http://www.mulesoft.org/schema/mule/http" xmlns:os="http://www.mulesoft.org/schema/mule/os" xmlns:secure-properties="http://www.mulesoft.org/schema/mule/secure-properties" xmlns:tls="http://www.mulesoft.org/schema/mule/tls" xmlns:xsi="http://www.w3.org/2001/XMLSchema-instance" xsi:schemaLocation=" http://www.mulesoft.org/schema/mule/mule-apikit http://www.mulesoft.org/schema/mule/mule-apikit/current/mule-apikit.xsd  http://www.mulesoft.org/schema/mule/http http://www.mulesoft.org/schema/mule/http/current/mule-http.xsd  http://www.mulesoft.org/schema/mule/ee/core http://www.mulesoft.org/schema/mule/ee/core/current/mule-ee.xsd http://www.mulesoft.org/schema/mule/core http://www.mulesoft.org/schema/mule/core/current/mule.xsd http://www.mulesoft.org/schema/mule/os http://www.mulesoft.org/schema/mule/os/current/mule-os.xsd http://www.mulesoft.org/schema/mule/secure-properties http://www.mulesoft.org/schema/mule/secure-properties/current/mule-secure-properties.xsd http://www.mulesoft.org/schema/mule/tls http://www.mulesoft.org/schema/mule/tls/current/mule-tls.xsd http://www.mulesoft.org/schema/mule/api-gateway http://www.mulesoft.org/schema/mule/api-gateway/current/mule-api-gateway.xsd">
    <http:listener-config name="first-country-lookup-sapi-httpListenerConfig">
        <http:listener-connection host="${http.host}" port="8081" readTimeout="${http.readtimeout}" />
    </http:listener-config>
    <apikit:config name="first-country-lookup-sapi-config" api="resource::353e69d1-8cd6-4f7f-aa3f-b0ccb2fde531:first-country-lookup-sapi:1.0.2:raml:zip:first-country-lookup-sapi.raml" outboundHeadersMapName="outboundHeaders" httpStatusVarName="httpStatus" />
    <http:request-config name="HTTP_Request_configuration" doc:name="HTTP Request configuration" doc:id="0c2724cf-9a0d-4979-bb24-548e8935a1b0">
        <http:request-connection host="${token.host}" port="${token.port}" connectionIdleTimeout="${token.idletimeout}" protocol="HTTPS" />
    </http:request-config>
    <http:request-config name="HTTP_Request_configuration1" doc:name="HTTP Request configuration" doc:id="bad36dfb-9b8a-4f48-8c32-1a45e49e1c54">
        <http:request-connection protocol="HTTPS" host="${locations.host}" port="${locations.port}" connectionIdleTimeout="${locations.idletimeout}" />
    </http:request-config>
    <ee:object-store-caching-strategy name="Caching_Strategy" doc:name="Caching Strategy" doc:id="1cbe5520-2021-4854-8381-a47fc1536643" objectStore="Object_store" />
    <configuration-properties doc:name="Configuration properties" doc:id="cc2d3e03-a103-4b0f-b46e-ae7c89edd1de" file="${mule.env}.yaml" />
    <global-property doc:name="Global Property" doc:id="ddf177f1-c08a-498e-bdee-dfa63e637013" name="mule.key" value="Training@9876543" />
    <global-property doc:name="Global Property" doc:id="66a6e3aa-1c6d-4b4e-a62f-5ac4c1fac63c" name="mule.env" value="dev" />
    <os:object-store name="Object_store" doc:name="Object store" doc:id="8e7b7ce6-8de0-496f-91b5-ba1848db3ea1" maxEntries="${object-store.maxEntries}" entryTtl="${object-store.entryTtl}" expirationInterval="${object-store.expirationInterval}" />
    <secure-properties:config name="Secure_Properties_Config" doc:name="Secure Properties Config" doc:id="076a6035-1b46-471d-9a44-9536c903bddf" file="${mule.env}.yaml" key="${mule.key}" />
    <import doc:name="Import" doc:id="40aeeb53-0003-4bf8-b659-8853fa10e548" file="global-error-handler.xml" />
    <api-gateway:autodiscovery apiId="19386336" ignoreBasePath="true" doc:name="API Autodiscovery" doc:id="0fd25b17-ac30-4677-a4b7-e3aa11261e90" flowRef="first-country-lookup-sapi-main" />
</mule>
