<?xml version="1.0" encoding="UTF-8"?>

<mule xmlns:validation="http://www.mulesoft.org/schema/mule/validation"
	xmlns:ee="http://www.mulesoft.org/schema/mule/ee/core"
	xmlns="http://www.mulesoft.org/schema/mule/core" xmlns:doc="http://www.mulesoft.org/schema/mule/documentation"
	xmlns:xsi="http://www.w3.org/2001/XMLSchema-instance"
	xsi:schemaLocation="
http://www.mulesoft.org/schema/mule/validation http://www.mulesoft.org/schema/mule/validation/current/mule-validation.xsd 
http://www.mulesoft.org/schema/mule/ee/core http://www.mulesoft.org/schema/mule/ee/core/current/mule-ee.xsd http://www.mulesoft.org/schema/mule/core http://www.mulesoft.org/schema/mule/core/current/mule.xsd">
	<flow name="lm-get-country-isocodeFlow" doc:id="0715b185-1fb3-4b23-8260-2080b3e8a394" >
        <ee:transform doc:name="Iso_code">
            <ee:variables>
                <ee:set-variable variableName="iso_code">attributes.uriParams.'iso_code'</ee:set-variable>
            </ee:variables>
        </ee:transform>
		<flow-ref doc:name="get:\countries:first-country-lookup-sapi" doc:id="ddadc1e1-49d7-4d6a-8250-50c618f256ec" name="get:\countries:first-country-lookup-sapi-config"/>
		<ee:transform doc:name="Filter iso_code">
            <ee:message>
                <ee:set-payload><![CDATA[%dw 2.0
output application/json 
---
payload filter ((item, index) -> (item.iso_code == vars.iso_code)  ) reduce $]]></ee:set-payload>
            </ee:message>
        </ee:transform>
		<try doc:name="Try" doc:id="e9717578-bbf4-4143-9dfa-114778b7dbe4" >
			<validation:is-not-null doc:name="Is not null" doc:id="f2a2c87d-54b9-4094-92c0-9af6e4aeeda1" value="#[payload]"/>
			<ee:transform doc:name="payload" doc:id="d9095947-f936-4550-96bb-77ff7038daa6" >
				<ee:message >
					<ee:set-payload ><![CDATA[%dw 2.0
output application/json
---
payload]]></ee:set-payload>
				</ee:message>
			</ee:transform>
			<error-handler>
				<on-error-propagate enableNotifications="true" logException="true" doc:name="On Error Propagate" doc:id="bf39e933-82dc-4801-9b15-84d694d6d201" type="ANY">
					<raise-error doc:name="Raise error" doc:id="3aec391c-e5bf-44a2-acdf-b28c6f7a3d57" type="ANY" description="payload is Null"/>
				</on-error-propagate>

			</error-handler>
		
</try>
		<!-- [STUDIO:"Choice"]<choice doc:name="Choice" doc:id="ef4f2026-058d-47a5-bfe7-934375a63ffd" >
			<when expression="#[payload == null&#93;">
				<try doc:name="Try" doc:id="ad876206-1964-4448-b5c4-d64f63afefc4" >
					<validation:is-null doc:name="Is null" doc:id="8f7c56b1-3151-4e19-9f3f-f9ed690ed7f3" value="#[payload&#93;" message="Not found"/>
					<error-handler ref="global-error-handlerError_Handler" />
				</try>
			</when>
			<otherwise >
				<ee:transform doc:name="Transform Message" doc:id="5fc8d220-ee5a-43b1-8cea-76de2bb074ee">
					<ee:message>
						<ee:set-payload><![CDATA[%dw 2.0
output application/java
&#45;&#45;-
payload&#93;&#93;></ee:set-payload>
					</ee:message>
				</ee:transform>
			</otherwise>
		</choice> [STUDIO] -->	</flow>
</mule>
