<?xml version="1.0" encoding="UTF-8"?>

<mule xmlns:http="http://www.mulesoft.org/schema/mule/http"
	xmlns:ee="http://www.mulesoft.org/schema/mule/ee/core"
	xmlns="http://www.mulesoft.org/schema/mule/core" xmlns:doc="http://www.mulesoft.org/schema/mule/documentation"
	xmlns:xsi="http://www.w3.org/2001/XMLSchema-instance"
	xsi:schemaLocation="
http://www.mulesoft.org/schema/mule/http http://www.mulesoft.org/schema/mule/http/current/mule-http.xsd 
http://www.mulesoft.org/schema/mule/ee/core http://www.mulesoft.org/schema/mule/ee/core/current/mule-ee.xsd http://www.mulesoft.org/schema/mule/core http://www.mulesoft.org/schema/mule/core/current/mule.xsd">
	<flow name="implementation-get-countryFlow" doc:id="fc273ab5-3125-458e-9c65-e405b732eb90" >
	        <logger level="INFO" doc:name="Start the flow" doc:id="80956163-2683-4289-86a5-709d81aea0b9" message="start the flow" />
        <flow-ref doc:name="Retrive Auth Token" doc:id="0e37c843-cd28-4d74-bf90-d36d65a61ea7" name="lm-get-country-lookupSub_Flow"/>
		<logger level="INFO" doc:name="Retrive Access Token" doc:id="964d1907-e2d0-4d68-81e1-d8ed43092f09" message="#[vars.access_token]" />
        <until-successful maxRetries="3" doc:name="Until Successful" doc:id="5b4b3e99-f8f3-4624-9f37-c4ee8235a95a" millisBetweenRetries="30000">
			<http:request method="GET" doc:name="GET://Country Location" doc:id="39780bd6-53a1-498f-ad4d-14fa1e71662d" config-ref="HTTP_Request_configuration1" path="${locations.path}" responseTimeout="${locations.responsetimeout}">
            <http:headers><![CDATA[#[output application/java
---
{
	Authorization : vars.access_token,
	client_id: "07aac5ff985846d4841f12b306d1f0fb",
	client_secret: "2D6Ba4631E194Fef9B46BE2f5243E46f"
}]]]></http:headers>
        
</http:request>
		</until-successful>
		<logger level="INFO" doc:name="End of the flow" doc:id="9576c29e-cbd4-4953-95fd-529431f2d678" message="final payload #[payload]" />
	
	</flow>
	<sub-flow name="lm-get-country-lookupSub_Flow" doc:id="c92251a9-721c-4906-8cd7-27864d197076" >
		<ee:cache doc:name="Cache" doc:id="604b03d7-a51c-4d02-bdb8-ef7bf0429784" cachingStrategy-ref="Caching_Strategy">
 
			<http:request method="POST" doc:name="POST:/Auth Token Request" doc:id="aead50f6-809a-41fa-8497-65ba095752f9" url="https://login.microsoftonline.com/a5bd300c-c3b3-41d8-87e0-1f5c8d364af3/oauth2/token">
			<http:body><![CDATA[#[output application/x-www-form-urlencoded
---
{
grant_type: "client_credentials",
client_id: "d4143fd3-6ea3-4399-9736-a531a72f3f41",
client_secret: "joJ8Q~J-k-olq01FVjXVfUHLI66Cj8UnWGAWKboW",
scope: "api://d4143fd3-6ea3-4399-9736-a531a72f3f41"
}]]]></http:body>
		</http:request>
		</ee:cache>
		<ee:transform doc:name="Set Access Token Response" doc:id="6674ecd8-fadc-4786-9da0-a33e91f473b6">
			<ee:message>
				<ee:set-payload><![CDATA[%dw 2.0
output application/json
---
payload.token_type ++ " " ++ payload.access_token]]></ee:set-payload>
			</ee:message>
		</ee:transform>
	</sub-flow>
	
	</mule>
